first_name,last_name,user_name,email,phone,user_role
Sybilla,de Savery,sdesavery0,sdesavery0@slate.com,(780) 1917477,guest
Jordan,Glasson,jglasson1,jglasson1@geocities.jp,(335) 3534302,member
Letitia,Jervis,ljervis2,ljervis2@ed.gov,(673) 5686099,vip
Andras,Sarchwell,asarchwell3,asarchwell3@dot.gov,(338) 7845353,guest
Ernie,McRuvie,emcruvie4,emcruvie4@reverbnation.com,(941) 4078954,member
Joycelin,Linnett,jlinnett5,jlinnett5@icq.com,(194) 8647422,vip
Staford,Komorowski,skomorowski6,skomorowski6@go.com,(408) 6842983,guest
Matthiew,Dombrell,mdombrell7,mdombrell7@webmd.com,(389) 1261582,member
Skip,Portlock,sportlock8,sportlock8@alibaba.com,(514) 3294420,vip
Deloria,Randell,drandell9,drandell9@imgur.com,(518) 8258853,guest
Angelle,Harbinson,aharbinsona,aharbinsona@mac.com,(624) 5458119,member
Ivette,Shallcrass,ishallcrassb,ishallcrassb@huffingtonpost.com,(811) 3891816,vip
Neddie,Gray,ngrayc,ngrayc@netlog.com,(758) 5917336,guest
Deerdre,Gelsthorpe,dgelsthorped,dgelsthorped@reverbnation.com,(983) 5529445,member
Hurleigh,Wallsam,hwallsame,hwallsame@pagesperso-orange.fr,(983) 4851165,vip
Woodman,Kubach,wkubachf,wkubachf@stumbleupon.com,(304) 9866859,guest
Tallou,Twelves,ttwelvesg,ttwelvesg@europa.eu,(445) 3615705,member
Tami,Daveran,tdaveranh,tdaveranh@aboutads.info,(616) 8437499,vip
Polly,Lorey,ploreyi,ploreyi@g.co,(656) 9209434,guest
Floria,Calverd,fcalverdj,fcalverdj@huffingtonpost.com,(949) 4138768,member
Frederica,Carn,fcarnk,fcarnk@deviantart.com,(630) 5845978,vip
Courtenay,Raddin,craddinl,craddinl@friendfeed.com,(464) 7129388,guest
Sampson,Lulham,slulhamm,slulhamm@paginegialle.it,(563) 4196633,member
Christiane,Clousley,cclousleyn,cclousleyn@barnesandnoble.com,(238) 5399074,vip
Desi,Mc Queen,dmcqueeno,dmcqueeno@yale.edu,(879) 2751333,guest
Beatrisa,Shillaber,bshillaberp,bshillaberp@studiopress.com,(769) 3008974,member
Camala,Linch,clinchq,clinchq@nifty.com,(723) 6263514,vip
Townie,Anespie,tanespier,tanespier@imdb.com,(778) 4578993,guest
Allie,Goodlet,agoodlets,agoodlets@unc.edu,(491) 1087227,member
Felic,Geockle,fgeocklet,fgeocklet@uiuc.edu,(384) 5741794,vip
Niles,Hurt,nhurtu,nhurtu@bravesites.com,(277) 8595548,guest
Keelby,Doggett,kdoggettv,kdoggettv@topsy.com,(466) 5249004,member
Joan,Orred,jorredw,jorredw@usgs.gov,(921) 1451361,vip
Briant,Leschelle,bleschellex,bleschellex@foxnews.com,(801) 7792374,guest
Mable,Spohr,mspohry,mspohry@paypal.com,(557) 4146240,member
Newton,Gossington,ngossingtonz,ngossingtonz@goo.ne.jp,(956) 1294651,vip
Glynnis,Miners,gminers10,gminers10@hibu.com,(452) 9406448,guest
Lonna,Boolsen,lboolsen11,lboolsen11@slashdot.org,(631) 6219819,member
Marshall,Korbmaker,mkorbmaker12,mkorbmaker12@businesswire.com,(702) 4030161,vip
Marmaduke,Gissop,mgissop13,mgissop13@dailymotion.com,(932) 6365042,guest
Burtie,Brumbie,bbrumbie14,bbrumbie14@people.com.cn,(659) 9715282,member
Arlinda,Johl,ajohl15,ajohl15@constantcontact.com,(268) 3264629,vip
Bonnibelle,Robertot,brobertot16,brobertot16@webnode.com,(379) 3245618,guest
Vyky,Desesquelle,vdesesquelle17,vdesesquelle17@bing.com,(874) 1511214,member
Brion,Byrch,bbyrch18,bbyrch18@gizmodo.com,(151) 3546476,vip
Rodolph,Fumagallo,rfumagallo19,rfumagallo19@fotki.com,(499) 2563826,guest
Shannon,Ismail,sismail1a,sismail1a@miibeian.gov.cn,(194) 7664546,member
Brietta,Gosenell,bgosenell1b,bgosenell1b@nih.gov,(263) 2916678,vip
Myrvyn,Alberts,malberts1c,malberts1c@guardian.co.uk,(828) 5996167,guest
Marlena,Iacovolo,miacovolo1d,miacovolo1d@scribd.com,(304) 7563006,member
Stacee,Plews,splews1e,splews1e@eepurl.com,(374) 4765710,vip
Kayne,Burvill,kburvill1f,kburvill1f@hubpages.com,(400) 7290155,guest
North,Dwelling,ndwelling1g,ndwelling1g@facebook.com,(512) 7919817,member
Tessy,Leggon,tleggon1h,tleggon1h@biblegateway.com,(397) 4098592,vip
Humphrey,Falconar,hfalconar1i,hfalconar1i@xrea.com,(273) 4762300,guest
Nikkie,McFie,nmcfie1j,nmcfie1j@craigslist.org,(382) 1381182,member
Freedman,Gulliver,fgulliver1k,fgulliver1k@bing.com,(910) 7515280,vip
Nadia,Sirmond,nsirmond1l,nsirmond1l@paypal.com,(439) 1890099,guest
Mario,Rushforth,mrushforth1m,mrushforth1m@bbb.org,(389) 3947474,member
Honor,Zoane,hzoane1n,hzoane1n@utexas.edu,(828) 2767147,vip
Michaelina,Heelis,mheelis1o,mheelis1o@mayoclinic.com,(265) 8298404,guest
Orrin,Gymlett,ogymlett1p,ogymlett1p@bbb.org,(557) 4430632,member
Yvor,Taffs,ytaffs1q,ytaffs1q@biblegateway.com,(107) 7774118,vip
Bogey,Eva,beva1r,beva1r@upenn.edu,(202) 8062300,guest
Parry,Pearson,ppearson1s,ppearson1s@chicagotribune.com,(637) 4137340,member
Corabelle,Longworthy,clongworthy1t,clongworthy1t@usatoday.com,(301) 8266397,vip
Malva,Battelle,mbattelle1u,mbattelle1u@opensource.org,(110) 1742477,guest
Giselle,Tander,gtander1v,gtander1v@booking.com,(880) 3488506,member
Keefe,Braley,kbraley1w,kbraley1w@smh.com.au,(596) 4047315,vip
Fedora,Wymer,fwymer1x,fwymer1x@sbwire.com,(177) 6810835,guest
Ariela,Caiger,acaiger1y,acaiger1y@cbc.ca,(217) 4637804,member
Boothe,Guesford,bguesford1z,bguesford1z@cbslocal.com,(987) 1574492,vip
Hana,Rayner,hrayner20,hrayner20@cnn.com,(825) 9194009,guest
Myrwyn,Comport,mcomport21,mcomport21@uol.com.br,(835) 6619418,member
Andrej,Fludgate,afludgate22,afludgate22@jiathis.com,(196) 7152364,vip
Susanetta,Taaffe,staaffe23,staaffe23@chronoengine.com,(248) 1938239,guest
Danit,Fedorchenko,dfedorchenko24,dfedorchenko24@state.tx.us,(717) 3934887,member
Elnar,Creaven,ecreaven25,ecreaven25@live.com,(273) 6170128,vip
Shela,Wrigglesworth,swrigglesworth26,swrigglesworth26@webnode.com,(587) 1199709,guest
Ave,Lilloe,alilloe27,alilloe27@oaic.gov.au,(801) 7172682,member
Far,Piccard,fpiccard28,fpiccard28@ebay.co.uk,(346) 4477973,vip
Kenneth,Gillio,kgillio29,kgillio29@omniture.com,(976) 8000169,guest
Ealasaid,Klimczak,eklimczak2a,eklimczak2a@loc.gov,(745) 7600929,member
Roscoe,Serman,rserman2b,rserman2b@tiny.cc,(572) 4092784,vip
Lindsy,Estevez,lestevez2c,lestevez2c@deviantart.com,(351) 5855250,guest
Jeddy,Lyston,jlyston2d,jlyston2d@1und1.de,(107) 2603086,member
Melicent,Firk,mfirk2e,mfirk2e@mozilla.org,(329) 1178023,vip
Rube,MacFarlane,rmacfarlane2f,rmacfarlane2f@skype.com,(534) 9291949,guest
Leeland,Challenger,lchallenger2g,lchallenger2g@reuters.com,(706) 1032409,member
Ddene,Phippard,dphippard2h,dphippard2h@harvard.edu,(337) 1107377,vip
Dione,Benneyworth,dbenneyworth2i,dbenneyworth2i@deviantart.com,(443) 6238924,guest
Karlis,Ismail,kismail2j,kismail2j@irs.gov,(556) 6292207,member
Mildrid,Simoni,msimoni2k,msimoni2k@privacy.gov.au,(297) 7906808,vip
Shay,Mainds,smainds2l,smainds2l@icq.com,(531) 1283846,guest
Clarette,Schirak,cschirak2m,cschirak2m@who.int,(350) 5142553,member
Renato,Pettersen,rpettersen2n,rpettersen2n@adobe.com,(746) 3513089,vip
Indira,Tire,itire2o,itire2o@blog.com,(566) 8118173,guest
Pascale,Whitticks,pwhitticks2p,pwhitticks2p@storify.com,(407) 7229213,member
Stavro,Duff,sduff2q,sduff2q@simplemachines.org,(332) 9419314,vip
Dalt,Dyhouse,ddyhouse2r,ddyhouse2r@com.com,(552) 8410643,guest